{"cameraMode":{"drawMode":0,"name":"Shaded","section":"Shading Mode"},"sceneLighting":true,"audioPlay":false,"sceneViewState":{"m_AlwaysRefresh":false,"showFog":true,"showSkybox":true,"showFlares":true,"showImageEffects":true,"showParticleSystems":true,"showVisualEffectGraphs":true,"m_FxEnabled":true},"in2DMode":false,"pivot":{"x":-16.34696388244629,"y":-0.011131512932479382,"z":19.267967224121095},"rotation":{"x":0.004784084390848875,"y":0.9129021763801575,"z":-0.4080120623111725,"w":0.010648106224834919},"size":31.406784057617189,"orthographic":false}