{"cameraMode":{"drawMode":0,"name":"Shaded","section":"Shading Mode"},"sceneLighting":true,"audioPlay":false,"sceneViewState":{"m_AlwaysRefresh":false,"showFog":true,"showSkybox":true,"showFlares":true,"showImageEffects":true,"showParticleSystems":true,"showVisualEffectGraphs":true,"m_FxEnabled":true},"in2DMode":false,"pivot":{"x":55.96230697631836,"y":-110.26860046386719,"z":184.55776977539063},"rotation":{"x":0.27253955602645876,"y":0.22038258612155915,"z":-0.0642571672797203,"w":0.9343578815460205},"size":122.30573272705078,"orthographic":false}