{"cameraMode":{"drawMode":0,"name":"Shaded","section":"Shading Mode"},"sceneLighting":true,"audioPlay":false,"sceneViewState":{"m_AlwaysRefresh":false,"showFog":true,"showSkybox":true,"showFlares":true,"showImageEffects":true,"showParticleSystems":true,"showVisualEffectGraphs":true,"m_FxEnabled":true},"in2DMode":false,"pivot":{"x":85.31036376953125,"y":-112.12014770507813,"z":165.22158813476563},"rotation":{"x":0.27015912532806399,"y":0.29897260665893557,"z":-0.08864274621009827,"w":0.9109207391738892},"size":122.30573272705078,"orthographic":false}