{"cameraMode":{"drawMode":0,"name":"Shaded","section":"Shading Mode"},"sceneLighting":false,"audioPlay":false,"sceneViewState":{"m_AlwaysRefresh":false,"showFog":true,"showSkybox":false,"showFlares":true,"showImageEffects":true,"showParticleSystems":true,"showVisualEffectGraphs":true,"m_FxEnabled":true},"in2DMode":false,"pivot":{"x":7.584251880645752,"y":1.1670000553131104,"z":3.6087658405303957},"rotation":{"x":0.36918795108795168,"y":-0.3517577350139618,"z":0.15345284342765809,"w":0.8464201092720032},"size":0.8660253882408142,"orthographic":false}