{"cameraMode":{"drawMode":0,"name":"Shaded","section":"Shading Mode"},"sceneLighting":false,"audioPlay":false,"sceneViewState":{"m_AlwaysRefresh":false,"showFog":true,"showSkybox":false,"showFlares":true,"showImageEffects":true,"showParticleSystems":true,"showVisualEffectGraphs":true,"m_FxEnabled":true},"in2DMode":false,"pivot":{"x":-19.021774291992189,"y":2.9729678630828859,"z":19.731351852416993},"rotation":{"x":0.36918795108795168,"y":-0.3517577350139618,"z":0.15345284342765809,"w":0.8464201092720032},"size":4.342658042907715,"orthographic":false}